source	relative path	SHA256
newgame	.editorconfig	3B2C749C8A940905A08F727D8BE9017C9568A12421C0AEE7E37E9543B3751B1B
newgame	.gitattributes	21B01A606C9F85F18BB9230245F00AB104DF7409CBB2FE9423F6751CA72BA754
newgame	.gitignore	0398877EA6F117B02487103E854640D2D9F1C633DB96D4539D0FB2EE45D4888F
newgame	assets/animations/highlight/highlight_visual_config.json	897F5B374158694B38CB14885B350F472DB34BA7BFFB9A716384301DDAA97595
newgame	assets/audio/delete_cut.wav	A6E5D83F5C5F3EB7EA389F050B73D547B1643A9070BC55291FD61657A9559C2C
newgame	assets/audio/delete_cut.wav.import	30A5A58D1755563E0A003292D8445ABA6737F6B93BF3EBA1874B29085E6585E3
newgame	assets/audio/glove_melody.wav	EEE359D9DE8C483C5C15703CEA9C3E15802B7E136141E75CEF2C7F68035F0722
newgame	assets/audio/glove_melody.wav.import	10A53128151F87DA72460E767AFD212E0EA057E992EA13FD57FA247BE910E759
newgame	assets/audio/glove_put_on.wav	B299A8B6719FECA060A8A98CBDEF79F90431280CAEA87717556BE10DFFCD7DE6
newgame	assets/audio/glove_put_on.wav.import	755B461E14818331EE78A8C4100CD277AAC3EE593218B5A4B73482C26846B5E6
newgame	assets/player/me_default.png	9CE54CA3BD5F72A165D3F5CFC5CC0087B6F8C0D12285E5ECA60EEBA579E2B11F
newgame	assets/player/me_default.png.import	6772E183DA984CC21E901C948567708C794F4283DA6AD36DB60A2D4C1270A658
newgame	assets/player/me_walk.png	16B94DDE4C0DEDEA44CBBD4694ADAB624187648045B689627803E0D350AA78F3
newgame	assets/player/me_walk.png.import	4791B3985A4B7475C4F4E8390DFC2120B9A1A2D55B73A34179E1DCD6D5C47316
newgame	assets/video/glove_acquire.ogv	FAC811148EE526CF48C110AD4689F00AFD32B30D05022A6464FB010DCC0B186E
newgame	assets/video/glove_acquire.ogv.uid	36CCD86C3110A69FC56FFE57243F655D7FFC2010408255D78E1E74943DA39B0E
newgame	assets/video/u_helmet.ogv	6B396CDEEBC6EAA6FCE90A88E4513946EDD4EB04252E4B6EAF314B9335F38723
newgame	assets/video/u_helmet.ogv.uid	5359F1F368DA4F2C79F521AEAAF814A72586BC75761597435EBC9BDD82E0EBBE
newgame	docs/helmet/helmet_r1_grid.md	1966E589640F91596395482B6A8DE47C0AA7532751EE9D9094C0100C625B34BF
newgame	docs/helmet/helmet_r2_grid.md	D0C46C1478C6622B9530CB09DA3606983C9D48AB06233B62C61DFA35F5084C48
newgame	docs/测试复用指南.md	12CA8BE41C10F01930AE563C8FD6D5BC15F05B362C78553D3B507CC70E55758A
newgame	docs/交接文档.md	2DFCA739C3C5460DD439AAA5ADBF8E487AA2101C0BA40527EB224187BC411710
newgame	Fonts/Zpix.tres	227663652C0B2C7B4770E38A7353B9C4798FE574433277F59140757FA167B144
newgame	Fonts/Zpix.ttf	745E26436DD02A363D26750EBA94ABBC77048353E6D53F5DC8A90693CB375495
newgame	Fonts/Zpix.ttf.import	B0576052321412A8B8DFD4B9095BC7B81658929AD2721D618F8B03840A61F855
newgame	Fonts/Zpix-v3.1.6.ttf	3F9ED229912D801B989526B6132D93FFB7887FFFF35D69A2F55BC3EA1E9B6FC4
newgame	Fonts/Zpix-v3.1.6.ttf.import	45E53DA7EF2B1E46571AA8A8703267291EEE49169C9CD364718339BA29ECBB83
newgame	icon.svg	6C80384360A5B269D1054BFB27241258154E2CC8167C522016FDC1820E84E0F8
newgame	icon.svg.import	80E27A2C8C55ABFF9A41BA160D1785C8B692ABA0FF425653B32E7AE1C426B8ED
newgame	levels/glove/glove_level.gd	1BAB85DA79138134C207EAF4B6AA3EE9F322E89551757B50FC3634F14BB8C5F4
newgame	levels/glove/glove_level.gd.uid	2B8F014B2561FC34C9FCD49F63C495A4EE661E041195308FCF97BF5D50F3CB52
newgame	levels/glove/glove_preview.gd	1FA33BE3E4563838B0AF37995A223129F0ACD1D47411AFF0796656E5CAED7BA8
newgame	levels/glove/glove_preview.gd.uid	9E477F3CAC9C10BE3AAC9899BD626FFF96952D5322F0CCFC569B49325FCB9849
newgame	levels/glove/glove_preview.tscn	AC1851A3F5A1731F22F50DDD2CA7D0C633F3D66DBDE870AA850AA0B850607B15
newgame	levels/glove/handoff.md	75BBEDB3B89DBFEDF00034FF0FF541E5D9F1018169AB842A182468A71C4701A4
newgame	levels/glove/level_manifest.json	77DD61DF2758BD7BB92DDEFB0269B65E2E502560A3942742F7FD720E8CE2075A
newgame	levels/glove/README.md	3BC0213953DC697437A123C6780F96867A01B9D2C7311C6E917C73E8EA890D19
newgame	levels/helmet/bridge_tree_visuals.gd	25C8CC96A072EEB9C271A5B11480D124B1083595816A97506B749C4726C105CA
newgame	levels/helmet/bridge_tree_visuals.gd.uid	735B21CB9C676109508AA65DC8D56829F531368C3E403FA86EECF63BBD3AE269
newgame	levels/helmet/handoff.md	297E6A63FECD52E87F83835CF45A640AA3F05940E6BACC0333C00E85391BF987
newgame	levels/helmet/helmet_r1.gd	708063947841FBE914BDD1767754775EAE732FE73726446744591F66FEE2B020
newgame	levels/helmet/helmet_r1.gd.uid	9CCF6CD40DC4B17BC6263EE97D27E5B1AE46C4293852281DC75326BC7578C817
newgame	levels/helmet/helmet_r2.gd	CB877D5C5137EDC348BA042A10C9865C6491EFA1176D7652DD55C4BC84BE4038
newgame	levels/helmet/helmet_r2.gd.uid	5CD1EB0DD6AA1E017C5217601D2234FF3296040AC7F87033CC83E5A019B49051
newgame	levels/helmet/helmet_r3.gd	208CA358E83CBCFCE95AE5EEA274BB81863D6B2B250BE615350950D212236B11
newgame	levels/helmet/helmet_r3.gd.uid	A91A3A58D2495C2E5FD0725AE8572B33932C7BD9F915E7373BC80825916F83C6
newgame	levels/helmet/helmet_r4.gd	ED0D6794809ED28E0A9248005D5C9A70492DBB901A7DFFA2B3256B3CD307B4C2
newgame	levels/helmet/helmet_r4.gd.uid	D3412C4C0D7B0656AAC9894553EFCBB71CB1F75EF6047899512B3BDEB60759AE
newgame	levels/helmet/helmet_r5.gd	A6174CF09D98FFA400E6CAE609B078A431E09B269A510316E4B7F5F54ACB9CE1
newgame	levels/helmet/helmet_r5.gd.uid	5D4DC0BA96FFFC2860111078D46E04E8EA31887BA46C391C1CC77E05115B11FD
newgame	levels/helmet/helmet_r6.gd	FA4690D138E89F8C7667C7761D9A09C9136C5D5A0CDBEB03375E9C24FBBBAD44
newgame	levels/helmet/helmet_r6.gd.uid	E8CDC2B89E4D4FD2B40CE1F975C18A038ED368009A2D50D2B879F652C4AAAD76
newgame	levels/helmet/helmet_return.gd	546D72B9AB854E2726DE11D704D8B65B6CEC84F5B5A0E2006A751BC4094CBCBB
newgame	levels/helmet/helmet_return.gd.uid	4EE860C94005861AA5A5F88345D8D053DDA9560499A3277DDB276FDDEEC97FBF
newgame	levels/helmet/helmet_river_goose_preview.tscn	7C87E4936FD5DAF2C28392868ECADE3A4FC4D29F0C77AE8A281B5A3319A16808
newgame	levels/helmet/helmet_tutorial.gd	409ECC5C8F4488B80E9C5C9CF7AF86C5C5B8E329B27A0380F3C2EEF5831AB362
newgame	levels/helmet/helmet_tutorial.gd.uid	33A5CDB429F3EEB204369BDC63831B76FCFFD68D1D18D2AB723481376AFAB26F
newgame	levels/helmet/level_manifest.json	29E761A28B55719F22215A8978E7DE05FC86287D4182B6E75F4F484B17F7E529
newgame	Main.tscn	7D31DD6722E0702E3949CD38CC8ECDCE1FEF93165E1BEA389B1CDE6AD6C7FAE1
newgame	project.godot	32DD1DD7C52C0CC7C61A72703DA46C0D198FA653AEB7731F325B278801A0DBEC
newgame	README.md	C9190FA63C4158986E2F89F63674A91F89F9CADFBDD34FF3F8BB019270806E8F
newgame	scenes/animations/BridgeRecreated.tscn	C41035E6884E4EF8D104D7B5DB70C84EC27D1AF4048E5F0286920782AFA4142C
newgame	scenes/animations/TreeSprite.tscn	7612EE6C97099E39592A33FEA1A86585432DFE109A80D61649D86D23804D1853
newgame	scenes/player_moving/PlayerDirectionDemo.tscn	9B3DF10F5D4EEE0D09371A9DD94D931AD769BC7C35EE58F581D6F156EAC1CC8C
newgame	scripts/bridge_recreated.gd	18EBE21761BC5FCB05643B23114C3493C4A244451B2C7E4CC849A45E60A074FC
newgame	scripts/bridge_recreated.gd.uid	8310F2997300FD0BF11CDDF53C7AE686EF0D879702B081F8F151FE6A0823F50F
newgame	scripts/demo_runner.gd	60506D3BF4AD3400FD394FE2B08C7DEAD107EAA6DF1601B7AB6152F4F7C1E2FE
newgame	scripts/demo_runner.gd.uid	EFE2A7833AF0097206D09578512FF316E14BEB6F5DCD2D0E3E8701D2C6A5F841
newgame	scripts/gem_burst_effect.gd	88FE51189BD375001932ED552F2254F187A3EFEF427CF71F73713E6E8A0D337E
newgame	scripts/gem_burst_effect.gd.uid	65E3114047EB9427273E4A8610490E69D319F9DA1B17288DF21CDB249D873D16
newgame	scripts/grid_world.gd	06F4AE8C95430F64D6599A2913607341CBEB59D08C432C5A6BCCE88E006E2049
newgame	scripts/grid_world.gd.uid	2041176A92A56837D59501F03C04C726B72DB63C66DBC4F22183885647467CF5
newgame	scripts/level_loader.gd	258E74A81717D6CF144DD77AA3505929B7422D49633A87182CAECCD028855BB9
newgame	scripts/level_loader.gd.uid	7EEBDFCE500CF58178F67702053DE36F14F73246260572A0F61072B227425E1E
newgame	scripts/levels/glove/glove_effects.gd	2A40702F90FB13302BBC7729968E4C69DD6574E40A641A00D62BEFA18F8A911A
newgame	scripts/levels/glove/glove_effects.gd.uid	4F4C47FDA1579E680ABA5C071F4722D52E2AADAAC387DD09C293F933525E327F
newgame	scripts/levels/glove/glove_layouts.gd	155925032DEA6A25CFFCBFF4925A0EDE9F1259D6B4B3801E62B8C6FF66B161DE
newgame	scripts/levels/glove/glove_layouts.gd.uid	CF95BE15B5FFF83F1B50C84CCB19A353FC119AF7E4F72B899DEE30815FEB00C1
newgame	scripts/levels/glove/glove_looping_prompt.gd	CBA7D3D900F46AB3A2B0BF78655B84C650A6D42590C75507406E3DCD033F3A36
newgame	scripts/levels/glove/glove_looping_prompt.gd.uid	AC256AE62D9BE3010D34D5A606F591B2BF0B19EC0D443316C8F56B268AE62FB2
newgame	scripts/levels/glove/glove_manual_review_import_main.gd	3A694EC27D2C37EC807DBD2ACBDC8C4219B0C080BAD61F53D74D9D8D3CA9D191
newgame	scripts/levels/glove/glove_manual_review_import_main.gd.uid	FFB8A627EC635885A72558EA14F46F94659D9CC6B88B8602717409B13538E4B3
newgame	scripts/levels/glove/glove_manual_review_importer.gd	E577A722924000B6A0C106B661683746D757C0EB7DF5DE0B896DDFB95349A7D8
newgame	scripts/levels/glove/glove_manual_review_importer.gd.uid	ED197F212C94A954F610504A108C56EBB8DDB10F4E48B886C20A913908ED198B
newgame	scripts/levels/glove/glove_route_report_export_main.gd	82C0A82BE48F87C65A5333F420B3E7CF3A2FF4C15364D960620C40C7B42E7A1B
newgame	scripts/levels/glove/glove_route_report_export_main.gd.uid	3FC61F25DC8C1FE43EFF1A6F86E76A295D845889C0CD4AE7F8CA62235F85FDED
newgame	scripts/levels/glove/glove_route_report_exporter.gd	F02005B4D4F448CB484A9010846506B1FF7B1F21E6ECC6772713824861574EAC
newgame	scripts/levels/glove/glove_route_report_exporter.gd.uid	A20C4D1B449516BA032DEF09913C65D7EC66D26BE3B976CA150738ABD02F7CDB
newgame	scripts/levels/glove/glove_route_runner.gd	CFDF2D6A186780A2FCB77B075BC59361D53809A4A7486FDF179C2A15B19AA6BF
newgame	scripts/levels/glove/glove_route_runner.gd.uid	7CBFBBEA85C4FB943B3192EF05310F4E99C4E6A3D03D30FA7E6F7320FA451527
newgame	scripts/levels/glove/glove_source_scene_parser.gd	BC5CB4ABD80A282475C9DAD1882C3CA59D88FD0E36265F434B47D98272AF19CA
newgame	scripts/levels/glove/glove_source_scene_parser.gd.uid	8C675F952644C1E6A32A8D1E71666E2E7A8B32B5CADAD5612BBAD7ACDA557971
newgame	scripts/light_glow_effect.gd	B67F4658756E283670BE96CEEB24BCEE61D9177A3762492294C7E8852C81AC7D
newgame	scripts/light_glow_effect.gd.uid	B9C5E2919AA8296186AE1730048DE877398155D09189C2341F3D013EB82B0975
newgame	scripts/main.gd	C59705275BC6E732FCCE59470EEEE759C8C5BD730E9FE6C0671D1EDACC3E5E98
newgame	scripts/main.gd.uid	A174FCDFEBF67001040B448D62A87A2275CEFD99E5913F69F5FE37652345B5FC
newgame	scripts/page_camera.gd	3F8D3C6CC93214FF17A8714616434E89B746ABCA1072683CD4250D7C0B744BB7
newgame	scripts/page_camera.gd.uid	F6CAA399E3C970F41A0125D3F07C083610809140BC680257F815EE9D3DC8B6A6
newgame	scripts/player_moving/player_direction_demo.gd	661847D3E1EDCFE9EFEC676805DF5735429725A69B7FAE7DBCB664E578A63152
newgame	scripts/player_moving/player_direction_demo.gd.uid	3C393B82680D7005431A35EFA4462E7C777D2D0432EAC6D0571FA72BA1F07D20
newgame	scripts/player_moving/player_direction_marker.gd	3DE49B4786618BFED4C2FEC1B8823B616647E594E421786CF3E78C927139A2BF
newgame	scripts/player_moving/player_direction_marker.gd.uid	90A12BC25788C909075CF6C1EA40E7F57A13285DEF82EB1735B129D79E5446EA
newgame	scripts/precision_movement.gd	5DF92B174AD93779DB0C01279C277A422FCF59BB758B3E902E714655193BAC72
newgame	scripts/precision_movement.gd.uid	4331D86B03C36DDBF428AFCF7A32D48F31C146CB0781D49C078F1DAECADD7F8A
newgame	scripts/rule_engine.gd	64A8C9B7EAD6B5720B3FC3E1E4B82437D54C7FD9FF2AF2AFC265CC7179622778
newgame	scripts/rule_engine.gd.uid	D8B9178F2BF46EB3FB689D4F550E460804B37D5578F83B171ED72185D333BA43
newgame	scripts/smooth_grid_mover.gd	8D99292BE682130268E953FEE854C98166955B03EC2DAB1514997018313B1A88
newgame	scripts/smooth_grid_mover.gd.uid	37B43D002794928B5D38009A4D2D782692F8C209D7AE5A393B2A1A90FAEF2C96
newgame	scripts/WASDMoveMe.gd	FD188AE3D01D2EEF28DAC7318D63F85B62C4B73EF06AFBFC6CAAA48DB501C3D4
newgame	scripts/WASDMoveMe.gd.uid	FBA736524C79DA11910BB0078081E71D3707BE6C1A5676E28B64398A30295F7B
newgame	scripts/word_entity.gd	9BC5A4DC558F654996FAC3BBE19D108A6D24FE091986FE54B22722E43E05112D
newgame	scripts/word_entity.gd.uid	84004FB41B4BF03F442D2F3BC56D069C2075F31E5B2A3A36C13503B34743C52E
newgame	sprites/tree/tree.png	D2F96A399D628F798A059EC164045BBD6F81C97E2DD1CBEF3A2C2233C1D4484B
newgame	sprites/tree/tree.png.import	6DC4BEFA07388D2805AB94C79F1D138C21CD7B0436518F1D988E0D59A3E90322
newgame	tests/test_gameplay_core.gd	5B3BDE604891AEA676E49ADC55BF61A69E939D1942C3C51A5E8C4B70DB35D7B5
newgame	tests/test_gameplay_core.gd.uid	A09B041F689EDA50DAD66C7827BE5377A3EDBBB9B39E14FF6EA60C12A65E852A
newgame	tests/test_glove_docx_states.gd	3FD8E0137EA51FBBEF3EB292F7CE20FDADE6BC8FC2944AC11BA2EC270E3C50DE
newgame	tests/test_glove_docx_states.gd.uid	4DCCB5C1AA5779B83EF3D72F65C00B885487795CF0935C8AAD5E6AC7DDC22D25
newgame	tests/test_glove_gesture_flash_scene.gd	2B39203F08C3E2D573CAF69C26C3106A6BA99B6082975F85A4A84E7109991BF0
newgame	tests/test_glove_gesture_flash_scene.gd.uid	DDA302AE1BA9D1AF0DB7DF2387094D219CE3788349A23E549588A74D87062DD7
newgame	tests/test_glove_gesture_transition.gd	6A99AB8D02055B0A66DBB9E21A05F9DFCB30D21678D9DB66A0BEF3E9D1B4416E
newgame	tests/test_glove_gesture_transition.gd.uid	69CCBF867EA62711EF0110338C01A0F56B3571C2C2A8E94CE7CF3B26E365ACB4
newgame	tests/test_glove_level.gd	6FF54C2C6A25DB65007523A3C2B72EBF4BAF3C63151E08FD359DC2862B2C7F02
newgame	tests/test_glove_level.gd.uid	52CF28F0E78CF61635EA636B74C897898FCF73D54784F8029DDCC72B0BB4A7E0
newgame	tests/test_glove_looping_prompt.gd	008BFC23520B79DF19C91584F7F7332ED07D9A151A9CF1A32E3AD2014A9E8C5B
newgame	tests/test_glove_looping_prompt.gd.uid	6CF49C12A3C64DCFD85FF79976618D0D0227915B13E8A689CE127EA057692F92
newgame	tests/test_glove_source_matrix.gd	8D6D82BC031DE1FD18A599812179878C0352140EB6C97FEE3796BDADE06EE95E
newgame	tests/test_glove_source_matrix.gd.uid	3F9240DBEF8280136C1F88604D6F6C228ACE9E47D31CE42E228E7DA0E21556A3
newgame	tests/test_glove_visual_effect_requests.gd	0B32C628E6FC269C468EEDF674E2A70B30DE58FC8991BD65DB4F33A9AF6AF4CA
newgame	tests/test_glove_visual_effect_requests.gd.uid	FF234648A13B68AA05EFDF82D2B38AA05FCE021CE50AAD1BFD0683592DB2BB8B
newgame	tests/test_helmet_r1.gd	C6F7B2EA0CD7C0E9A2B4AD49BC40F73B6F7592ECA70BD9D51923CA6589970F7E
newgame	tests/test_helmet_r1.gd.uid	0321EA401BFED4C9E871E28910CF0E9F251C8336DB6D81641718137DD32C19C5
newgame	tests/test_helmet_r2.gd	7DD05B12F16DF25FB1919D339C597D7574D4F2AB1E0747E1EC1DF9647E5061F9
newgame	tests/test_helmet_r2.gd.uid	2B134B88F0DE6EBF158F5990C411769564A3519CE87E661365BB3F12C3129175
newgame	tests/test_helmet_r3.gd	3A23D8AEA8B496D094D01EA18B4E381C17A05F9F90BA6D9A4AA99D9BC8658C8C
newgame	tests/test_helmet_r3.gd.uid	55EDA40B1523F92033BE26DAF913FB6EC43EF4A50469D8F51FF44F13C1481FEB
newgame	tests/test_helmet_r4.gd	C6636CB1368D1DE1B273823C17CE943972CE1A0769832676914023E4BF516E5E
newgame	tests/test_helmet_r4.gd.uid	89E8E3492071C8F0F22911BE64AC6989BE165A83F0B8C425A6141F15D7CA17A6
newgame	tests/test_helmet_r5.gd	EE87755B64B1E870A86E508641DCAD4BE775F24EE532FC2FD31332E5CD693A0F
newgame	tests/test_helmet_r5.gd.uid	1C5AD6E150C766519EC83C0F35E7A5B3C845FD1628AEFCD60B74EAB95C828B29
newgame	tests/test_helmet_r6.gd	DE29A355B41190A0721F109669A01C76110B0535EE81ADB868EDBC24E4A15749
newgame	tests/test_helmet_r6.gd.uid	62D3B61179CAC0139472A9F6F5936279A28EC2B25FDC0E0C71EAD70D5B3D3C17
newgame	tests/test_helmet_return.gd	958B4C45C1D4EF1FB49640D03DF2B6513B751AAB922553D3B1044C6582B8C2C1
newgame	tests/test_helmet_return.gd.uid	5F08A1CE47E44D2E03F353ADD106407751522D5621B4C4CDCC848B4FE055CB2E
newgame	tests/test_helmet_sequence.gd	623B1DEF38E2FDE4A1690CC9C2F9B8623F2E32B1686D6A14CA8E206CDC8492BC
newgame	tests/test_helmet_sequence.gd.uid	71F2ECA62B1EBE101938F3E7BE8FC1ECD1705371C8790911F85ACC0C760754B6
newgame	tests/test_helmet_tutorial.gd	40A9869107E8E777153C367726F864E046A5132F35713B70DC3D743CA68F6E5E
newgame	tests/test_helmet_tutorial.gd.uid	C98F0C0EC2EA76ED80D9E64287A815788F69F14AEEFE85183AAC7834B3FAE105
newgame	tests/test_precision_movement.gd	64B47AEAB3831896819DE00C92372116926C33E1D1816A646B9CBA1051E6ADDC
newgame	tests/test_precision_movement.gd.uid	00AC82EF0EBC84A560D7BC16BBA31A04E2B7AA96B9D323F69B899140D0B58E8A
newgame	tests/test_smooth_grid_mover.gd	02CEEEEF843BAF097470513E14DF1D5BFC93B9A1BC56515688A5987140806B77
newgame	tests/test_smooth_grid_mover.gd.uid	1E5D3DEC9E9B7676B49DE7FD5908C6E3F50AC7EB11EFD847628FD42DB45AC47D
newgame	tests/test_visual_resources.gd	A3947A0743F070E7645508AC077C9E0B13ACEE8BB7E238C6A9D13061A7B9D841
newgame	tests/test_visual_resources.gd.uid	139B5C22F8C9DC2FFC670A521774C86389BFB2BB6EFD0BDB02FC6B53E86F2296
newgame	tests/test_visual_smoke_entry.gd	66936137DD203D0581BE44E15F1EDC897316A9BA5C90A09B34A9CEACC0468214
newgame	tests/test_visual_smoke_entry.gd.uid	BFEBE0A7D748502D51DDBF1C57D08991D9EF324BB543D6EF8D665BA97F226A1E
newgame	tools/capture_visual_smoke.ps1	E77E944E2936AE58E05E161097F3463AB71404461FCD8B6A123DA236911279CD
newgame	tools/run_all_tests.ps1	21B9791CAD3E3F9FF4CB437C69C7C28F393F1690EED4F6A212F628D0AFEDF537
test game	assets/player/me_default.png	9CE54CA3BD5F72A165D3F5CFC5CC0087B6F8C0D12285E5ECA60EEBA579E2B11F
test game	assets/player/me_default.png.import	D08821D70449255F0651CB55C599177B4B094B489A0963960E9982B3CE1CFF11
test game	assets/player/me_walk.png	16B94DDE4C0DEDEA44CBBD4694ADAB624187648045B689627803E0D350AA78F3
test game	assets/player/me_walk.png.import	428518F6D68258594DFBD5144DCF3C98055020C342C70FF510DBE3C5D15565AE
test game	assets/video/u_helmet.ogv	6B396CDEEBC6EAA6FCE90A88E4513946EDD4EB04252E4B6EAF314B9335F38723
test game	assets/video/u_helmet.ogv.uid	5359F1F368DA4F2C79F521AEAAF814A72586BC75761597435EBC9BDD82E0EBBE
test game	Fonts/Zpix.tres	D03F13E7B3E05BF0C9FB0C6C30B4A3B4B0B594DE9503EF9897C7590A847F34D3
test game	Fonts/Zpix.ttf	745E26436DD02A363D26750EBA94ABBC77048353E6D53F5DC8A90693CB375495
test game	Fonts/Zpix.ttf.import	B0576052321412A8B8DFD4B9095BC7B81658929AD2721D618F8B03840A61F855
test game	Fonts/Zpix-v3.1.6.ttf	3F9ED229912D801B989526B6132D93FFB7887FFFF35D69A2F55BC3EA1E9B6FC4
test game	Fonts/Zpix-v3.1.6.ttf.import	45E53DA7EF2B1E46571AA8A8703267291EEE49169C9CD364718339BA29ECBB83
test game	levels/helmet/bridge_tree_visuals.gd	4A53184180CF2F176133BD2C6BEA45E71A3307D9DB267F5C7BB737F5EB601465
test game	levels/helmet/bridge_tree_visuals.gd.uid	C012FA88B82378016C2B867D7B71D1E0D086F4FE06EFA086B7EEB91E938D63C6
test game	levels/helmet/helmet_r1.gd	55D96F512183FC8005A8EEB3A992B2EF22886D1B16665F3647FCCA4A66307B3D
test game	levels/helmet/helmet_r1.gd.uid	9CCF6CD40DC4B17BC6263EE97D27E5B1AE46C4293852281DC75326BC7578C817
test game	levels/helmet/helmet_r2.gd	6FCCD0B283512B491B486049E02F5A2AC0C515D8D2C2EDD808EFECF8D554F7B9
test game	levels/helmet/helmet_r2.gd.uid	5CD1EB0DD6AA1E017C5217601D2234FF3296040AC7F87033CC83E5A019B49051
test game	levels/helmet/helmet_r3.gd	88B25B3E74C38D4450FFC0A1B801AD6786FA5D41550BE59AB10CF4ED9236FC50
test game	levels/helmet/helmet_r3.gd.uid	A91A3A58D2495C2E5FD0725AE8572B33932C7BD9F915E7373BC80825916F83C6
test game	levels/helmet/helmet_r4.gd	8D81E111E57E15FB5F2A416A4AA3D0548737AC513C7EE37B267A73F62ABDF9CC
test game	levels/helmet/helmet_r4.gd.uid	D3412C4C0D7B0656AAC9894553EFCBB71CB1F75EF6047899512B3BDEB60759AE
test game	levels/helmet/helmet_r5.gd	1CAC30F5FBDD4F3AC2ED88B0FA461EBF399750AF051A965ADC51C3BF684EEAF6
test game	levels/helmet/helmet_r5.gd.uid	5D4DC0BA96FFFC2860111078D46E04E8EA31887BA46C391C1CC77E05115B11FD
test game	levels/helmet/helmet_r6.gd	FA4690D138E89F8C7667C7761D9A09C9136C5D5A0CDBEB03375E9C24FBBBAD44
test game	levels/helmet/helmet_r6.gd.uid	E8CDC2B89E4D4FD2B40CE1F975C18A038ED368009A2D50D2B879F652C4AAAD76
test game	levels/helmet/helmet_return.gd	546D72B9AB854E2726DE11D704D8B65B6CEC84F5B5A0E2006A751BC4094CBCBB
test game	levels/helmet/helmet_return.gd.uid	4EE860C94005861AA5A5F88345D8D053DDA9560499A3277DDB276FDDEEC97FBF
test game	levels/helmet/helmet_river_goose_preview.tscn	7C87E4936FD5DAF2C28392868ECADE3A4FC4D29F0C77AE8A281B5A3319A16808
test game	levels/helmet/helmet_tutorial.gd	409ECC5C8F4488B80E9C5C9CF7AF86C5C5B8E329B27A0380F3C2EEF5831AB362
test game	levels/helmet/helmet_tutorial.gd.uid	33A5CDB429F3EEB204369BDC63831B76FCFFD68D1D18D2AB723481376AFAB26F
test game	Main.tscn	B5210FA4CACD0D61EC6F98992B66AEFED3CA66B5277638F10C36C8DFF59C2024
test game	project.godot	88CBAAD462BE46B0A948C293226AB32CFB82C735CB4AE12C8A41B4A8D0E41A22
test game	README.md	7DAA46CFA28CA22EB2D9C17E6587296EEAF3C36C81C9627FCBF20FF929D86254
test game	scenes/animations/TreeSprite.tscn	7612EE6C97099E39592A33FEA1A86585432DFE109A80D61649D86D23804D1853
test game	scripts/bridge_recreated.gd	8CF6D40886568A9567FED06A425FE99FFFE57A99E3D598EAC4D9D1E4A5221E7F
test game	scripts/bridge_recreated.gd.uid	8310F2997300FD0BF11CDDF53C7AE686EF0D879702B081F8F151FE6A0823F50F
test game	scripts/demo_runner.gd	DA020FBD389C6F8438081D0076BEE4436936091063C39929AB4D8AD749B38E7B
test game	scripts/demo_runner.gd.uid	EFE2A7833AF0097206D09578512FF316E14BEB6F5DCD2D0E3E8701D2C6A5F841
test game	scripts/gem_burst_effect.gd	88FE51189BD375001932ED552F2254F187A3EFEF427CF71F73713E6E8A0D337E
test game	scripts/gem_burst_effect.gd.uid	65E3114047EB9427273E4A8610490E69D319F9DA1B17288DF21CDB249D873D16
test game	scripts/grid_world.gd	06F4AE8C95430F64D6599A2913607341CBEB59D08C432C5A6BCCE88E006E2049
test game	scripts/grid_world.gd.uid	2041176A92A56837D59501F03C04C726B72DB63C66DBC4F22183885647467CF5
test game	scripts/level_loader.gd	258E74A81717D6CF144DD77AA3505929B7422D49633A87182CAECCD028855BB9
test game	scripts/level_loader.gd.uid	7EEBDFCE500CF58178F67702053DE36F14F73246260572A0F61072B227425E1E
test game	scripts/light_glow_effect.gd	B8F2AE962A2027FF224C47261D33E95C5CBE400E28C274DC6D9651F3D240AFAB
test game	scripts/light_glow_effect.gd.uid	B9C5E2919AA8296186AE1730048DE877398155D09189C2341F3D013EB82B0975
test game	scripts/main.gd	C59705275BC6E732FCCE59470EEEE759C8C5BD730E9FE6C0671D1EDACC3E5E98
test game	scripts/main.gd.uid	A174FCDFEBF67001040B448D62A87A2275CEFD99E5913F69F5FE37652345B5FC
test game	scripts/page_camera.gd	3F8D3C6CC93214FF17A8714616434E89B746ABCA1072683CD4250D7C0B744BB7
test game	scripts/page_camera.gd.uid	F6CAA399E3C970F41A0125D3F07C083610809140BC680257F815EE9D3DC8B6A6
test game	scripts/player_moving/player_direction_demo.gd	B21C8D011AA2137024079DA51D6C00A55920ECDA54A4958402C387C70B99164D
test game	scripts/player_moving/player_direction_demo.gd.uid	3C393B82680D7005431A35EFA4462E7C777D2D0432EAC6D0571FA72BA1F07D20
test game	scripts/player_moving/player_direction_marker.gd	3DE49B4786618BFED4C2FEC1B8823B616647E594E421786CF3E78C927139A2BF
test game	scripts/player_moving/player_direction_marker.gd.uid	90A12BC25788C909075CF6C1EA40E7F57A13285DEF82EB1735B129D79E5446EA
test game	scripts/precision_movement.gd	5DF92B174AD93779DB0C01279C277A422FCF59BB758B3E902E714655193BAC72
test game	scripts/precision_movement.gd.uid	4331D86B03C36DDBF428AFCF7A32D48F31C146CB0781D49C078F1DAECADD7F8A
test game	scripts/rule_engine.gd	64A8C9B7EAD6B5720B3FC3E1E4B82437D54C7FD9FF2AF2AFC265CC7179622778
test game	scripts/rule_engine.gd.uid	D8B9178F2BF46EB3FB689D4F550E460804B37D5578F83B171ED72185D333BA43
test game	scripts/smooth_grid_mover.gd	8D99292BE682130268E953FEE854C98166955B03EC2DAB1514997018313B1A88
test game	scripts/smooth_grid_mover.gd.uid	37B43D002794928B5D38009A4D2D782692F8C209D7AE5A393B2A1A90FAEF2C96
test game	scripts/test_main.gd	E6C75F6EA6F4D73CA820F81F6E6FA6D8C006BC32DD25A75344D244F630CE585A
test game	scripts/test_main.gd.uid	45C96640ACCBD96104A686CAC55C451C386D14ECEB8EAF26FA638CB43698471F
test game	scripts/word_entity.gd	9BC5A4DC558F654996FAC3BBE19D108A6D24FE091986FE54B22722E43E05112D
test game	scripts/word_entity.gd.uid	84004FB41B4BF03F442D2F3BC56D069C2075F31E5B2A3A36C13503B34743C52E
test game	sprites/tree/tree.png	D2F96A399D628F798A059EC164045BBD6F81C97E2DD1CBEF3A2C2233C1D4484B
test game	sprites/tree/tree.png.import	D6C51226363D8B672A1392C64BE29F35ADBB9C3718C380F2D82FED15888CF5CC
剑流程	.editorconfig	3B2C749C8A940905A08F727D8BE9017C9568A12421C0AEE7E37E9543B3751B1B
剑流程	.gitattributes	21B01A606C9F85F18BB9230245F00AB104DF7409CBB2FE9423F6751CA72BA754
剑流程	.gitignore	D6194B1A176268740A0B7F153BD4926908B4A0955A9A311181C0200B4329BC94
剑流程	Assets/audio/bgm/ch2/BGM_2_16_snake_fight_AB.ogg	62B9A3D46DBD1E6C9D47A3C3EE1D72352E843681EADABA25C74BF95871D4AA1F
剑流程	Assets/audio/bgm/ch2/BGM_2_16_snake_fight_AB.ogg.import	10E06A65D886BB1D1F858B616BBEB311AD2E2CA410DE4F961E069197A4321818
剑流程	Assets/audio/bgm/ch2/BGM_2_20_cave_sword_AB.ogg	7DD630E0F9F12A9E8DA91FED298BE3F50D2E7AB993DFE65032CB80B3797F1D60
剑流程	Assets/audio/bgm/ch2/BGM_2_20_cave_sword_AB.ogg.import	9C3AA532EBE1B0AE9BEEACC1D88C662FB7110CEC3113A29F930EC31BD5822643
剑流程	Assets/audio/bgm/ch2/BGM_2_40.1_snake_fight_second_A.ogg	E69073842CAF23D659D2B50D4472113159F730E3C0C30A448BBE66574150D7B8
剑流程	Assets/audio/bgm/ch2/BGM_2_40.1_snake_fight_second_A.ogg.import	F3233BB1DF655479871C3A1D79B1094F01A4C88DB985EA8C3D92B9CDB2C17E30
剑流程	Assets/audio/bgm/ch2/BGM_2_50_qwerty_happy.ogg	FBAAEE6CE3AAF494C161B17DEC497B8B2CD2929A7F4A45D93945A155A66640C2
剑流程	Assets/audio/bgm/ch2/BGM_2_50_qwerty_happy.ogg.import	9375AD72638788182C8D92D332DF6D9560DB1010DFCA7274BE47C8D40AAFA402
剑流程	Assets/audio/se/MEL/MEL_2_24_sword.wav	C726D333DD159A31423F3480DBB1C5C4A9DFCD30EFE1F7E12ADE390DC92E8908
剑流程	Assets/audio/se/MEL/MEL_2_24_sword.wav.import	DA2AFD10A39BD9956B4676ACC373CBD54A8F2BB25CBBE4474266FCE79B085216
剑流程	Assets/audio/se/sword_draw_out_1.wav	C726D333DD159A31423F3480DBB1C5C4A9DFCD30EFE1F7E12ADE390DC92E8908
剑流程	Assets/audio/se/sword_draw_out_1.wav.import	E267490DE9EAE2D360D3FDB8DCBC003D7A184C9839A6CF17510EA061881328F4
剑流程	Assets/audio/se/第二章 音效/SE_2_21_sword_crash_A.wav	C726D333DD159A31423F3480DBB1C5C4A9DFCD30EFE1F7E12ADE390DC92E8908
剑流程	Assets/audio/se/第二章 音效/SE_2_21_sword_crash_A.wav.import	3E21BFA6025473A783C8C7DAB77624DFAA50F9DF242CCBFE5E901CA622044EC3
剑流程	Assets/audio/se/第二章 音效/SE_2_21_sword_crash_B.wav	C726D333DD159A31423F3480DBB1C5C4A9DFCD30EFE1F7E12ADE390DC92E8908
剑流程	Assets/audio/se/第二章 音效/SE_2_21_sword_crash_B.wav.import	F2BDCD2B2D2208BAEF3ADA99FA6E979D143F775DD9F060D54ED568071153E9F1
剑流程	Assets/audio/se/第二章 音效/SE_2_21_sword_crash_C.wav	C726D333DD159A31423F3480DBB1C5C4A9DFCD30EFE1F7E12ADE390DC92E8908
剑流程	Assets/audio/se/第二章 音效/SE_2_21_sword_crash_C.wav.import	2F594D88A5917158CDCB694BD560DB49D21DEA94F2A6C7EEC106457C9DD4C8F9
剑流程	Assets/audio/se/第二章 音效/SE_2_22_sword_vanish_A.wav	C726D333DD159A31423F3480DBB1C5C4A9DFCD30EFE1F7E12ADE390DC92E8908
剑流程	Assets/audio/se/第二章 音效/SE_2_22_sword_vanish_A.wav.import	FC73497FADFD6375E85B678A95152D972D6FB08CEE7BD481FD86CE06F0B4D5A3
剑流程	Assets/audio/se/第二章 音效/SE_2_22_sword_vanish_B.wav	C726D333DD159A31423F3480DBB1C5C4A9DFCD30EFE1F7E12ADE390DC92E8908
剑流程	Assets/audio/se/第二章 音效/SE_2_22_sword_vanish_B.wav.import	17DD985157EE0102EBF1A310385E8CC2283ADD4EFDC2E2D4F1199D52D296FB35
剑流程	Assets/audio/se/第二章 音效/SE_2_23_sword_big_swing_B.wav	95164D1BC023EE0ADD6236468C83610C9FD71BB996F761F970FD495C26FA9FE8
剑流程	Assets/audio/se/第二章 音效/SE_2_23_sword_big_swing_B.wav.import	B3F228D97D3F0C47ADB2A9D5ACDDF2779B9AB66D0DA2D1EC6E4E09D366DEACFD
剑流程	Assets/audio/se/第二章 音效/SE_2_25_sword_return.wav	C726D333DD159A31423F3480DBB1C5C4A9DFCD30EFE1F7E12ADE390DC92E8908
剑流程	Assets/audio/se/第二章 音效/SE_2_25_sword_return.wav.import	2982C811495026A16CB02A271C8F5D55C6F843A721289B25B6EECAC36840E2DA
剑流程	Assets/audio/se/第二章 音效/SE_2_26_wind_fill_C.wav	C726D333DD159A31423F3480DBB1C5C4A9DFCD30EFE1F7E12ADE390DC92E8908
剑流程	Assets/audio/se/第二章 音效/SE_2_26_wind_fill_C.wav.import	4ACBD86D51D540C683377171894D488D725875C497010DE9726F0B1D38F4A5C3
剑流程	Assets/audio/se/第二章 音效/SE_2_27_rock_break.wav	C726D333DD159A31423F3480DBB1C5C4A9DFCD30EFE1F7E12ADE390DC92E8908
剑流程	Assets/audio/se/第二章 音效/SE_2_27_rock_break.wav.import	F01ABC5F7AACC04AB5EDBA558574E3C8200280BE9F8F41EC2B28230299D13785
剑流程	Assets/audio/se/第三章 音效/SE_3_36_fire_lit_C.wav	C726D333DD159A31423F3480DBB1C5C4A9DFCD30EFE1F7E12ADE390DC92E8908
剑流程	Assets/audio/se/第三章 音效/SE_3_36_fire_lit_C.wav.import	6FD0CC9C3FECE3B07C873207E84DCBB0148424A137F6F277ACD76170CD75786B
剑流程	Assets/shaders/cut2.gdshader	23A02C45869727269763C0F208F7E4DF00BF19990D5A1100698F0EA02BD03838
剑流程	Assets/shaders/cut2.gdshader.uid	4EE46DB4C84F92729212F3B0159A74429737BEB2EC07BF94932DDC9794DB67AD
剑流程	Assets/sprites/backspace_splash/splash.png	76107E6D13590A6DF83B42ACF927720C31F631120B83DFDB6E8D58CE96EAA029
剑流程	Assets/sprites/backspace_splash/splash.png.import	982DD2129673376E7F39702003B2A12205B4898DAF59EE7836AF96D359AE7748
剑流程	Assets/sprites/me/me_default.png	9CE54CA3BD5F72A165D3F5CFC5CC0087B6F8C0D12285E5ECA60EEBA579E2B11F
剑流程	Assets/sprites/me/me_default.png.import	08F7B8564182A298A8EA77C181C31A3F718144B2AC9776FC9673730322352A69
剑流程	Assets/sprites/me/me_walk.png	16B94DDE4C0DEDEA44CBBD4694ADAB624187648045B689627803E0D350AA78F3
剑流程	Assets/sprites/me/me_walk.png.import	7459B4ED1A9C215D422C7815B8355D923015389F1D7643A619D0E3F43B716D0D
剑流程	Assets/video/u_sword.ogv	E7A4575195166BCEF15B9C45367EE6FDAFF2551FA3D3F290A1B0DB5D12FBC265
剑流程	Assets/video/u_sword.ogv.uid	FEE0A27B9265829B4963B1817692C4AC75B505BEA487F7FCD3701A00D6EE4063
剑流程	Data/reference_maze_map.json	0904697B377170DC2C5E207FC724AEEB3CB2160C8D576D55E195E99D459092AC
剑流程	Data/reference_slime_cave_left_map.json	903E07FC54D12E43EFF7BE456C7B01A59E85F13E4C7611A641B45128299C80C8
剑流程	Data/reference_slime_cave_right_map.json	0428B2020CE5B6D9DB1ECAC4770FD91617B042ECCE53D22EBCE8FEEDE6ADE201
剑流程	Data/reference_snake_boss_map.json	5FA4957C6374D9B5FD30ACCE4EFC3DA81FDBF0CE7DAF49F32C998E0C2AA72485
剑流程	Data/reference_treasure_room_empty_map.json	F42997ED32D8BF98E42952CB5F6309B518ACCE2E7F8B5EBB808F475E39F0495F
剑流程	Docs/LevelWorkflow/Handoffs/ch2_sword_tutorial/handoff.md	A439ED30CA12C76275508AF221BC0A8D68E9EAED344651EBCE6CD43E2572FEC2
剑流程	Docs/LevelWorkflow/Handoffs/ch2_sword_tutorial/level_manifest.json	135B3D591396C62E1BB4089A41B8728A3B57301D9E769B237D0C979E5C81F0C3
剑流程	Fonts/Zpix-v3.1.6.ttf	3F9ED229912D801B989526B6132D93FFB7887FFFF35D69A2F55BC3EA1E9B6FC4
剑流程	Fonts/Zpix-v3.1.6.ttf.import	45E53DA7EF2B1E46571AA8A8703267291EEE49169C9CD364718339BA29ECBB83
剑流程	icon.svg	6C80384360A5B269D1054BFB27241258154E2CC8167C522016FDC1820E84E0F8
剑流程	icon.svg.import	33B3FADB136250AD143EA8C333830E2443A99906E7CE02C95B5314BE69E1DFE6
剑流程	project.godot	96903F8B2AB14B7AFBBC0D93C9B095D84AB2E372FC119F4465F3CB98B7252BE0
剑流程	Scenes/Maps/第二章/05_聖劍寶庫_復刻.tscn	EBA64B62F567AA0FB3D7E69224DC1E027B9D938E92C51C6F338864343DA6ED12
剑流程	Scenes/Maps/第二章/WASDMoveMe.tscn	0DB0D18594F7DE282182FF1800282E52B7CDF1E46A284BB69F21B7E84B7617D9
剑流程	Scenes/Maps/第二章/WASDMoveMeScene.gd	0C311EB25C5AFA75A11D7E5F0E5D74323A4C6028296029AE2912FFF7D8DC3C1B
剑流程	Scenes/Maps/第二章/WASDMoveMeScene.gd.uid	713CECD1F3F118E252FD54C9F0C9AE365360630CC0872B4E3720B65A11085F33
剑流程	Scripts/ReferenceSwordFlow.gd	17BDB58B4CCA8FAED714912161B88AADA5DF63E8F4566635EA0896A4CF46FB8D
剑流程	Scripts/ReferenceSwordFlow.gd.uid	4F14D660E1A986CA6F1E802DC2BD2F6C01FD1F4AF477D5516E61BA455070FC7A
剑流程	Scripts/StaticReferenceMap.gd	53C87E810EFA99AB470B08C2C7EB8BE3805F0665583193D9A51F8FB9B25F5368
剑流程	Scripts/StaticReferenceMap.gd.uid	0AA7B29786E2197EA8D929FDF0E911BE4B59E793A0FA7F34C3B49EEAD6E77A3F
剑流程	Scripts/SwordTutorial.gd	C1AC931A4F4CFD340361FD0FFA265D74FB13798F0C8E2678D3513087EF5B2B9F
剑流程	Scripts/SwordTutorial.gd.uid	854460BA8CCB4C5B9CA91B3B262463BE2A511BE26614E4F543304E38570B9FAD
剑流程	Tools/TestReferenceMazeMap.ps1	3D0CBFA0AC0A52F551961D987D0198E9F090A57CF143AA33E9951D455E6812C7
剑流程	Tools/TestReferenceSwordFlowCompilation.ps1	0B6218FCEF55B10F4C9BF8448497A54FF59FC7944CA4FBB78D98AE0EBA89CAA6
